{
  "config": {
    "world_size": 4,
    "global_batch_size": 64,
    "chunks": 8,
    "partition": "even",
    "steps_warmup": 20,
    "steps_measure": 100
  },
  "per_seed_results": [
    {
      "seed": 1,
      "throughput_samples_per_s": 1175.0861411731169,
      "mem_peak_per_rank_bytes": [
        5581058048,
        5479608320,
        5479608320,
        5580664320
      ],
      "stage_forward_time_ms_per_rank": [
        62.58519421100616,
        51.193232312202454,
        51.20790337562561,
        51.42935039997101
      ]
    },
    {
      "seed": 2,
      "throughput_samples_per_s": 1166.3901027404418,
      "mem_peak_per_rank_bytes": [
        5581058048,
        5479608320,
        5479608320,
        5580664320
      ],
      "stage_forward_time_ms_per_rank": [
        122.38001275062561,
        101.13055577754974,
        101.18565340995788,
        101.29043326854706
      ]
    },
    {
      "seed": 3,
      "throughput_samples_per_s": 1159.4577028984904,
      "mem_peak_per_rank_bytes": [
        5581058048,
        5479608320,
        5479608320,
        5580664320
      ],
      "stage_forward_time_ms_per_rank": [
        184.2422186088562,
        152.2584190750122,
        152.36166232585907,
        152.5643035840988
      ]
    }
  ],
  "aggregated": {
    "num_runs": 3,
    "seeds": [
      1,
      2,
      3
    ],
    "throughput_mean": 1166.977982270683,
    "throughput_std": 6.393810678174616,
    "throughput_all": [
      1175.0861411731169,
      1166.3901027404418,
      1159.4577028984904
    ],
    "peak_memory_mean_per_rank_bytes": [
      5581058048.0,
      5479608320.0,
      5479608320.0,
      5580664320.0
    ],
    "peak_memory_std_per_rank_bytes": [
      0.0,
      0.0,
      0.0,
      0.0
    ],
    "peak_memory_mean_per_rank_mb": [
      5322.51171875,
      5225.76171875,
      5225.76171875,
      5322.13623046875
    ],
    "peak_memory_std_per_rank_mb": [
      0.0,
      0.0,
      0.0,
      0.0
    ],
    "stage_time_mean_per_rank_ms": [
      123.06914185682933,
      101.52740238825481,
      101.58507303714752,
      101.76136241753896
    ],
    "stage_time_std_per_rank_ms": [
      49.6686626256337,
      41.26064395421481,
      41.296814965720394,
      41.28951456553636
    ]
  }
}