{
  "config": {
    "world_size": 4,
    "global_batch_size": 64,
    "chunks": 4,
    "partition": "even",
    "steps_warmup": 20,
    "steps_measure": 100
  },
  "per_seed_results": [
    {
      "seed": 1,
      "throughput_samples_per_s": 1412.6369258513039,
      "mem_peak_per_rank_bytes": [
        5581090816,
        5479641088,
        5479641088,
        5580697088
      ],
      "stage_forward_time_ms_per_rank": [
        53.1322571849823,
        47.32641058921814,
        47.07414686203003,
        47.5229550075531
      ]
    },
    {
      "seed": 2,
      "throughput_samples_per_s": 1401.6138360069433,
      "mem_peak_per_rank_bytes": [
        5581090816,
        5479641088,
        5479641088,
        5580697088
      ],
      "stage_forward_time_ms_per_rank": [
        104.11519289970398,
        93.44134977340698,
        93.16811634063721,
        93.77958359718323
      ]
    },
    {
      "seed": 3,
      "throughput_samples_per_s": 1397.1831947724768,
      "mem_peak_per_rank_bytes": [
        5581090816,
        5479641088,
        5479641088,
        5580697088
      ],
      "stage_forward_time_ms_per_rank": [
        156.4814264011383,
        140.47646799087525,
        140.33882768630983,
        140.91749983787537
      ]
    }
  ],
  "aggregated": {
    "num_runs": 3,
    "seeds": [
      1,
      2,
      3
    ],
    "throughput_mean": 1403.8113188769082,
    "throughput_std": 6.497494352287804,
    "throughput_all": [
      1412.6369258513039,
      1401.6138360069433,
      1397.1831947724768
    ],
    "peak_memory_mean_per_rank_bytes": [
      5581090816.0,
      5479641088.0,
      5479641088.0,
      5580697088.0
    ],
    "peak_memory_std_per_rank_bytes": [
      0.0,
      0.0,
      0.0,
      0.0
    ],
    "peak_memory_mean_per_rank_mb": [
      5322.54296875,
      5225.79296875,
      5225.79296875,
      5322.16748046875
    ],
    "peak_memory_std_per_rank_mb": [
      0.0,
      0.0,
      0.0,
      0.0
    ],
    "stage_time_mean_per_rank_ms": [
      104.57629216194152,
      93.74807611783346,
      93.52703029632569,
      94.07334614753722
    ],
    "stage_time_std_per_rank_ms": [
      42.19338142264051,
      38.02897017863073,
      38.07599232004673,
      38.128729092752465
    ]
  }
}