{
  "config": {
    "world_size": 4,
    "global_batch_size": 64,
    "chunks": 4,
    "partition": "even",
    "steps_warmup": 20,
    "steps_measure": 100
  },
  "per_seed_results": [
    {
      "seed": 1,
      "throughput_samples_per_s": 1399.695528219328,
      "mem_peak_per_rank_bytes": [
        5581090816,
        5479641088,
        5479641088,
        5580697088
      ],
      "stage_forward_time_ms_per_rank": [
        53.50500854492188,
        47.487774753570555,
        47.813142690658566,
        47.49325026512146
      ]
    },
    {
      "seed": 2,
      "throughput_samples_per_s": 1400.4299858191282,
      "mem_peak_per_rank_bytes": [
        5581090816,
        5479641088,
        5479641088,
        5580697088
      ],
      "stage_forward_time_ms_per_rank": [
        103.77373858451843,
        93.04804671287536,
        93.38052759170532,
        93.57254935264588
      ]
    },
    {
      "seed": 3,
      "throughput_samples_per_s": 1391.644248981004,
      "mem_peak_per_rank_bytes": [
        5581090816,
        5479641088,
        5479641088,
        5580697088
      ],
      "stage_forward_time_ms_per_rank": [
        156.35278155326844,
        139.52997548103332,
        140.33568801879883,
        140.71788131713868
      ]
    }
  ],
  "aggregated": {
    "num_runs": 3,
    "seeds": [
      1,
      2,
      3
    ],
    "throughput_mean": 1397.2565876731535,
    "throughput_std": 3.9798338481251543,
    "throughput_all": [
      1399.695528219328,
      1400.4299858191282,
      1391.644248981004
    ],
    "peak_memory_mean_per_rank_bytes": [
      5581090816.0,
      5479641088.0,
      5479641088.0,
      5580697088.0
    ],
    "peak_memory_std_per_rank_bytes": [
      0.0,
      0.0,
      0.0,
      0.0
    ],
    "peak_memory_mean_per_rank_mb": [
      5322.54296875,
      5225.79296875,
      5225.79296875,
      5322.16748046875
    ],
    "peak_memory_std_per_rank_mb": [
      0.0,
      0.0,
      0.0,
      0.0
    ],
    "stage_time_mean_per_rank_ms": [
      104.54384289423626,
      93.35526564915976,
      93.8431194337209,
      93.92789364496866
    ],
    "stage_time_std_per_rank_ms": [
      41.99095854014274,
      37.57669904160241,
      37.77358726154795,
      38.05962568453827
    ]
  }
}