{
  "config": {
    "world_size": 4,
    "global_batch_size": 64,
    "chunks": 16,
    "partition": "even",
    "steps_warmup": 20,
    "steps_measure": 100
  },
  "per_seed_results": [
    {
      "seed": 1,
      "throughput_samples_per_s": 742.3385747848117,
      "mem_peak_per_rank_bytes": [
        5581041664,
        5479591936,
        5479591936,
        5580647936
      ],
      "stage_forward_time_ms_per_rank": [
        96.92619398117066,
        54.34976413726807,
        54.61113632202149,
        56.270283451080324
      ]
    },
    {
      "seed": 2,
      "throughput_samples_per_s": 736.144347724453,
      "mem_peak_per_rank_bytes": [
        5581041664,
        5479591936,
        5479591936,
        5580647936
      ],
      "stage_forward_time_ms_per_rank": [
        190.7763257265091,
        107.66186586618423,
        107.93736191749572,
        108.48054428339005
      ]
    },
    {
      "seed": 3,
      "throughput_samples_per_s": 730.7827176381086,
      "mem_peak_per_rank_bytes": [
        5581041664,
        5479591936,
        5479591936,
        5580647936
      ],
      "stage_forward_time_ms_per_rank": [
        287.48885477542876,
        162.51674305200578,
        162.87376576662064,
        163.81368450880052
      ]
    }
  ],
  "aggregated": {
    "num_runs": 3,
    "seeds": [
      1,
      2,
      3
    ],
    "throughput_mean": 736.4218800491244,
    "throughput_std": 4.721738856408776,
    "throughput_all": [
      742.3385747848117,
      736.144347724453,
      730.7827176381086
    ],
    "peak_memory_mean_per_rank_bytes": [
      5581041664.0,
      5479591936.0,
      5479591936.0,
      5580647936.0
    ],
    "peak_memory_std_per_rank_bytes": [
      0.0,
      0.0,
      0.0,
      0.0
    ],
    "peak_memory_mean_per_rank_mb": [
      5322.49609375,
      5225.74609375,
      5225.74609375,
      5322.12060546875
    ],
    "peak_memory_std_per_rank_mb": [
      0.0,
      0.0,
      0.0,
      0.0
    ],
    "stage_time_mean_per_rank_ms": [
      191.73045816103618,
      108.17612435181935,
      108.47408800204596,
      109.5215040810903
    ],
    "stage_time_std_per_rank_ms": [
      77.79980590710078,
      44.16048141515869,
      44.19966281720578,
      43.91057940664364
    ]
  }
}