{
  "config": {
    "world_size": 4,
    "global_batch_size": 64,
    "chunks": 4,
    "partition": "6-2-2-2",
    "steps_warmup": 20,
    "steps_measure": 100
  },
  "per_seed_results": [
    {
      "seed": 1,
      "throughput_samples_per_s": 745.6553493413057,
      "mem_peak_per_rank_bytes": [
        10419220480,
        3866931200,
        3866931200,
        3967987200
      ],
      "stage_forward_time_ms_per_rank": [
        136.47519313812256,
        31.946152296066284,
        32.52823170185089,
        38.00336692810058
      ]
    },
    {
      "seed": 2,
      "throughput_samples_per_s": 741.2182649168421,
      "mem_peak_per_rank_bytes": [
        10419220480,
        3866931200,
        3866931200,
        3967987200
      ],
      "stage_forward_time_ms_per_rank": [
        200.8970158958435,
        62.578151082992555,
        62.88183679580688,
        62.751997132301334
      ]
    },
    {
      "seed": 3,
      "throughput_samples_per_s": 738.2263797248429,
      "mem_peak_per_rank_bytes": [
        10419220480,
        3866931200,
        3866931200,
        3967987200
      ],
      "stage_forward_time_ms_per_rank": [
        302.16199630737304,
        94.14372513771058,
        94.60319361209869,
        94.40863928318024
      ]
    }
  ],
  "aggregated": {
    "num_runs": 3,
    "seeds": [
      1,
      2,
      3
    ],
    "throughput_mean": 741.6999979943303,
    "throughput_std": 3.0519335356504325,
    "throughput_all": [
      745.6553493413057,
      741.2182649168421,
      738.2263797248429
    ],
    "peak_memory_mean_per_rank_bytes": [
      10419220480.0,
      3866931200.0,
      3866931200.0,
      3967987200.0
    ],
    "peak_memory_std_per_rank_bytes": [
      0.0,
      0.0,
      0.0,
      0.0
    ],
    "peak_memory_mean_per_rank_mb": [
      9936.54296875,
      3687.79296875,
      3687.79296875,
      3784.16748046875
    ],
    "peak_memory_std_per_rank_mb": [
      0.0,
      0.0,
      0.0,
      0.0
    ],
    "stage_time_mean_per_rank_ms": [
      213.17806844711308,
      62.88934283892314,
      63.33775403658549,
      65.05466778119406
    ],
    "stage_time_std_per_rank_ms": [
      68.19651689510626,
      25.393006216668287,
      25.344047551479857,
      23.08484938151185
    ]
  }
}