{
  "config": {
    "world_size": 4,
    "global_batch_size": 64,
    "chunks": 4,
    "partition": "even",
    "steps_warmup": 20,
    "steps_measure": 100
  },
  "per_seed_results": [
    {
      "seed": 1,
      "throughput_samples_per_s": 1406.068468794641,
      "mem_peak_per_rank_bytes": [
        5581090816,
        5479641088,
        5479641088,
        5580697088
      ],
      "stage_forward_time_ms_per_rank": [
        89.51489171028138,
        48.010406475067136,
        47.855466508865355,
        53.69335677146912
      ]
    },
    {
      "seed": 2,
      "throughput_samples_per_s": 1400.9249998212542,
      "mem_peak_per_rank_bytes": [
        5581090816,
        5479641088,
        5479641088,
        5580697088
      ],
      "stage_forward_time_ms_per_rank": [
        104.15337493896484,
        93.46023449897766,
        93.44925909996033,
        93.71337377548218
      ]
    },
    {
      "seed": 3,
      "throughput_samples_per_s": 1397.495533576773,
      "mem_peak_per_rank_bytes": [
        5581090816,
        5479641088,
        5479641088,
        5580697088
      ],
      "stage_forward_time_ms_per_rank": [
        156.42669372558595,
        140.3945262336731,
        140.46853074073792,
        140.14153345108033
      ]
    }
  ],
  "aggregated": {
    "num_runs": 3,
    "seeds": [
      1,
      2,
      3
    ],
    "throughput_mean": 1401.4963340642225,
    "throughput_std": 3.5231256648352893,
    "throughput_all": [
      1406.068468794641,
      1400.9249998212542,
      1397.495533576773
    ],
    "peak_memory_mean_per_rank_bytes": [
      5581090816.0,
      5479641088.0,
      5479641088.0,
      5580697088.0
    ],
    "peak_memory_std_per_rank_bytes": [
      0.0,
      0.0,
      0.0,
      0.0
    ],
    "peak_memory_mean_per_rank_mb": [
      5322.54296875,
      5225.79296875,
      5225.79296875,
      5322.16748046875
    ],
    "peak_memory_std_per_rank_mb": [
      0.0,
      0.0,
      0.0,
      0.0
    ],
    "stage_time_mean_per_rank_ms": [
      116.69832012494406,
      93.95505573590596,
      93.92441878318787,
      95.84942133267721
    ],
    "stage_time_std_per_rank_ms": [
      28.720829253618316,
      37.71728190927424,
      37.81061798972755,
      35.32462632198929
    ]
  }
}