{
  "config": {
    "world_size": 4,
    "global_batch_size": 32,
    "chunks": 4,
    "partition": "even",
    "steps_warmup": 20,
    "steps_measure": 100
  },
  "per_seed_results": [
    {
      "seed": 1,
      "throughput_samples_per_s": 1171.5768310169524,
      "mem_peak_per_rank_bytes": [
        3027382272,
        2976657408,
        2976657408,
        3027185152
      ],
      "stage_forward_time_ms_per_rank": [
        31.833717675209044,
        25.999632015228272,
        26.235183658599855,
        26.315363187789917
      ]
    },
    {
      "seed": 2,
      "throughput_samples_per_s": 1162.8095972315273,
      "mem_peak_per_rank_bytes": [
        3027382272,
        2976657408,
        2976657408,
        3027185152
      ],
      "stage_forward_time_ms_per_rank": [
        60.80605537891388,
        50.329600262641904,
        50.22607139110565,
        50.44826214313507
      ]
    },
    {
      "seed": 3,
      "throughput_samples_per_s": 1155.7857866081238,
      "mem_peak_per_rank_bytes": [
        3027382272,
        2976657408,
        2976657408,
        3027185152
      ],
      "stage_forward_time_ms_per_rank": [
        91.58558368206025,
        75.81781949043274,
        75.65449759960174,
        75.94336779594421
      ]
    }
  ],
  "aggregated": {
    "num_runs": 3,
    "seeds": [
      1,
      2,
      3
    ],
    "throughput_mean": 1163.3907382855343,
    "throughput_std": 6.459750489190161,
    "throughput_all": [
      1171.5768310169524,
      1162.8095972315273,
      1155.7857866081238
    ],
    "peak_memory_mean_per_rank_bytes": [
      3027382272.0,
      2976657408.0,
      2976657408.0,
      3027185152.0
    ],
    "peak_memory_std_per_rank_bytes": [
      0.0,
      0.0,
      0.0,
      0.0
    ],
    "peak_memory_mean_per_rank_mb": [
      2887.13671875,
      2838.76171875,
      2838.76171875,
      2886.94873046875
    ],
    "peak_memory_std_per_rank_mb": [
      0.0,
      0.0,
      0.0,
      0.0
    ],
    "stage_time_mean_per_rank_ms": [
      61.40845224539439,
      50.71568392276763,
      50.705250883102416,
      50.902331042289724
    ],
    "stage_time_std_per_rank_ms": [
      24.39731589490579,
      20.34002206280542,
      20.178195448536165,
      20.26309196989493
    ]
  }
}