{
  "config": {
    "world_size": 4,
    "global_batch_size": 64,
    "chunks": 4,
    "partition": "even",
    "steps_warmup": 20,
    "steps_measure": 100
  },
  "per_seed_results": [
    {
      "seed": 1,
      "throughput_samples_per_s": 641.0693037404773,
      "mem_peak_per_rank_bytes": [
        5556056064,
        5454606336,
        5454606336,
        5555662336
      ],
      "stage_forward_time_ms_per_rank": [
        67.24324842453002,
        60.68932406425476,
        60.2444447517395,
        60.37024424552917
      ]
    },
    {
      "seed": 2,
      "throughput_samples_per_s": 638.8327905637726,
      "mem_peak_per_rank_bytes": [
        5556056064,
        5454606336,
        5454606336,
        5555662336
      ],
      "stage_forward_time_ms_per_rank": [
        151.07945805549622,
        120.62419394493104,
        119.56082914352417,
        120.53826659202576
      ]
    },
    {
      "seed": 3,
      "throughput_samples_per_s": 637.7068240774083,
      "mem_peak_per_rank_bytes": [
        5556056064,
        5454606336,
        5454606336,
        5555662336
      ],
      "stage_forward_time_ms_per_rank": [
        236.81378321647645,
        181.27444405555724,
        179.9523327922821,
        181.11012017250061
      ]
    }
  ],
  "aggregated": {
    "num_runs": 3,
    "seeds": [
      1,
      2,
      3
    ],
    "throughput_mean": 639.202972793886,
    "throughput_std": 1.397460442793016,
    "throughput_all": [
      641.0693037404773,
      638.8327905637726,
      637.7068240774083
    ],
    "peak_memory_mean_per_rank_bytes": [
      5556056064.0,
      5454606336.0,
      5454606336.0,
      5555662336.0
    ],
    "peak_memory_std_per_rank_bytes": [
      0.0,
      0.0,
      0.0,
      0.0
    ],
    "peak_memory_mean_per_rank_mb": [
      5298.66796875,
      5201.91796875,
      5201.91796875,
      5298.29248046875
    ],
    "peak_memory_std_per_rank_mb": [
      0.0,
      0.0,
      0.0,
      0.0
    ],
    "stage_time_mean_per_rank_ms": [
      151.71216323216757,
      120.86265402158101,
      119.91920222918192,
      120.67287700335184
    ],
    "stage_time_std_per_rank_ms": [
      69.22832659293506,
      49.22895786177969,
      48.871197640554186,
      49.291939839337104
    ]
  }
}